{
    "Nigeria": 0.8262272188780344,
    "Egypt": 0.773223155644065,
    "India": 0.7947776413716451,
    "China": 0.771220271606145,
    "Japan": 0.7735758863397683,
    "Germany": 0.7985509820427136,
    "France": 0.8137730916567689,
    "Spain": 0.8052668018495417,
    "United States": 0.8005617542894149,
    "Canada": 0.7948229874317952,
    "Brazil": 0.7980533998707976,
    "Argentina": 0.7819803784876842,
    "Australia": 0.7973615906845755,
    "New Zealand": 0.7448773848059564,
    "Average": 0.7910194674970648
}