{
    "Nigeria": 0.8452263212330039,
    "Egypt": 0.8040032536065262,
    "India": 0.8353648091021518,
    "China": 0.8050893447989784,
    "Japan": 0.8011316853877155,
    "Germany": 0.8105427083491239,
    "France": 0.8213594125716837,
    "Spain": 0.8163314757120187,
    "United States": 0.8210444875033958,
    "Canada": 0.8181151091147433,
    "Brazil": 0.8139117062093193,
    "Argentina": 0.8019351029438533,
    "Australia": 0.8125874660049643,
    "New Zealand": 0.7614427259750212,
    "Average": 0.81200611489375
}